time,vial_A_135_degree,vial_B_135_degree,vial_C_135_degree,vial_D_135_degree,vial_A_180_degree,vial_B_180_degree,vial_C_180_degree,vial_D_180_degree,vial_A_reference,vial_B_reference,vial_C_reference,vial_D_reference,io_temp_in,io_temp_out,vial_A_temp,vial_B_temp,vial_C_temp,vial_D_temp,peltier_current
8.344650268554688e-06,0.7343862058442054,0.5691493095292592,0.07343862058442054,0.07343862058442054,4.68171206225681,4.68171206225681,4.68171206225681,4.68171206225681,2.3133165484092473,0.09179827573052568,0.12851758602273594,0.07343862058442054,2.0195620660715647,2.0195620660715647,25.75,26.312,25.812,26.312,-0.0125
