time,vial_A_180_degree,vial_A_135_degree,vial_B_180_degree,vial_B_135_degree,vial_C_180_degree,vial_C_135_degree,vial_D_180_degree,vial_D_135_degree,vial_A_reference,vial_B_reference,vial_C_reference,vial_D_reference,io_temp_in,io_temp_out,vial_A_temp,vial_B_temp,vial_C_temp,vial_D_temp,peltier_current
9.059906005859375e-06,0.03671931029221027,0.03671931029221027,0.03671931029221027,0.03671931029221027,0.03671931029221027,0.03671931029221027,0.03671931029221027,0.03671931029221027,0.018359655146105134,0.03671931029221027,0.03671931029221027,0.03671931029221027,1.9644831006332495,1.9828427557793546,25.625,26.625,26.0,26.437,2.0993000000000004
