time,vial_A_180_degree,vial_A_135_degree,vial_B_180_degree,vial_B_135_degree,vial_C_180_degree,vial_C_135_degree,vial_D_180_degree,vial_D_135_degree,vial_A_reference,vial_B_reference,vial_C_reference,vial_D_reference,io_temp_in,io_temp_out,vial_A_temp,vial_B_temp,vial_C_temp,vial_D_temp,peltier_current
1.1444091796875e-05,0.07343862058442054,0.05507896543831541,0.07343862058442054,0.3671931029221027,3.947325856412604,0.03671931029221027,0.8629037918669413,1.0281406881818875,3.1945799954222935,0.05507896543831541,0.12851758602273594,0.05507896543831541,1.9277637903410392,1.9461234454871446,26.187,27.375,26.75,27.0,2.9125
13.13663935661316,0.05507896543831541,0.05507896543831541,0.05507896543831541,0.2019562066071565,3.892246890974289,0.03671931029221027,0.7527458609903106,0.6425879301136798,0.05507896543831541,0.4773510337987335,0.12851758602273594,0.07343862058442054,1.9461234454871446,1.9461234454871446,26.187,27.312,26.75,27.0,0.5912000000000001
