flow_rate,in_steps_rate,out_steps_rate,estimated_drift_rate
4,46493.61203380202,43141.0,5.2469e-05
8,90098.06883926484,84276.0,0.000162963
12,133702.52564472766,125411.0,0.000224691
16,177306.98245019047,171238.0,6.17e-07
20,220911.4392556533,213548.0,-6.17e-07
