flow_rate,in_steps_rate,out_steps_rate,estimated_drift_rate
4,43062.74067665519,42404.0,-3.086e-06
8,85577.72811953993,85321.0,4.5062e-05
12,128092.71556242464,127987.0,2.7778e-05
16,170607.70300530936,170654.0,6.1111e-05
20,213122.6904481941,216320.0,-2.3457e-05
