flow_rate,in_steps_rate,out_steps_rate,estimated_drift_rate
4,43717.81855109778,42208.0,5.6173e-05
8,86560.0935974085,85998.0,-2.469e-06
12,129402.36864371922,128664.0,2.469e-06
16,172244.64369002997,170892.0,6.5432e-05
20,215086.91873634065,216370.0,-1.235e-06
