flow_rate,in_steps_rate,out_steps_rate,estimated_drift_rate
4,46176.55326001961,42172.0,8.9506e-05
8,89824.33781644663,83163.0,0.000132099
12,133472.12237287365,124154.0,0.000143827
16,177119.90692930063,165145.0,0.000206173
20,220767.69148572764,209980.0,-1.235e-06
